TID;EPC;USER;STID URI or UTID (optional);Pure Identity URI (required);EPC bytes starting at 0x20 after MCS (optional)
E2-00-34-12-01-2D-FC-00-03-33-8E-0E-05-10-01-D3-10-05-5F-FB-FF-FF-DC-50;C4-1E-34-00-30-15-29-3D-F1-51-93-B5-FC-00-03-33;;;urn:epc:id:sgtin:4870012.345678.231861125939;
E2-00-34-12-01-2D-FC-00-03-33-AC-BD-13-13-01-D0-10-05-5F-FB-FF-FF-DC-50;C4-1E-34-00-30-15-29-3D-F1-51-93-B5-FC-00-03-33;;;urn:epc:id:sgtin:4870012.345678.231861125939;
E2-00-34-12-01-39-F0-00-09-EF-00-00;C4-1E-34-00-30-43-05-31-00-00-00-00-EC-88-04-68-01-39-F0-00-09-EF;;01-39-F0-00-09-EF-00-00;urn:epc:id:sgtin:830207950848.0.3968337000;3003053100000000EC880468
E2-80-11-05-20-00-55-81-21-28-08-98;C4-1E-34-00-30-08-33-B2-DD-D9-01-40-00-00-00-00;;urn:epc:stid:x801.x105.x558121280898;urn:epc:id:sgtin:0867360217.005.0;300833B2DDD9016921280898
E2-00-68-06-76-54-32-14;C4-1E-34-00-30-74-25-7B-F7-19-4E-40-00-00-1A-85;;;urn:epc:id:sgtin:0614141.812345.6789;
E2-80-60-40-3C-00-12-34-56-78-9A-BC-1D-D6-00-00-09-04-00-00-09-04-00-04-00-C0;C4-1E-34-00-30-35-31-ED-E4-42-4C-80-00-00-1A-BF;;urn:epc:stid:x806.x040.x123456789ABC;urn:epc:id:sgtin:5012345.067890.6847;301531EDE4424CBC56789ABC
E2-00-34-12-01-39-F0-00-09-EF-00-00;C4-1E-34-00-30-16-13-03-6D-B3-3B-80-00-01-E2-40;;;urn:epc:id:sgtin:8700123.445678.123456;urn:epc:id:sgtin:8700123.445678.214479931887
E2-00-34-12-01-39-F0-00-09-EF-00-00;C4-1E-34-00-30-15-29-3D-F1-51-93-AB-C8-9C-01-6C;;;urn:epc:id:sgtin:4870012.345678.188049260908;urn:epc:id:sgtin:4870012.345678.188049260908;3015293DF15193ABC89C016C
